{
  "train": {
    "loss": 0.13594727780003482,
    "accuracy": 0.9508928571428571,
    "error_rate": 0.049107142857142905
  },
  "val": {
    "loss": 0.27121043696984276,
    "accuracy": 0.8928571428571429,
    "error_rate": 0.1071428571428571
  },
  "test": {
    "loss": 0.2679224081261941,
    "accuracy": 0.9154929577464789,
    "error_rate": 0.08450704225352113
  }
}