{
  "train": {
    "mse": 0.09408823966636945,
    "rms": 0.30673806360862593,
    "mae": 0.23099216470874862
  },
  "val": {
    "mse": 0.1413586360284566,
    "rms": 0.3759769089032684,
    "mae": 0.2993384164626244
  },
  "test": {
    "mse": 0.21144212258060055,
    "rms": 0.45982836208807365,
    "mae": 0.33406167800401393
  }
}