train_loss,train_top1,train_top5,val_loss,val_top1,val_top5,test_loss,test_top1,test_top5,test_top1_macro,test_top5_macro,test_precision_macro,test_recall_macro,test_f1_macro,lambda,weight_norm,tag
1.1629735231399536,0.719177782535553,0.9782000184059144,1.1291265487670898,0.7287999987602234,0.9801999926567078,1.125995397567749,0.7378000020980835,0.9786999821662904,0.7378,0.9787,0.7375073076134921,0.7378,0.7323277155275404,0.0,741.8761826530099,l2_0e00
1.2132638692855835,0.7164666652679443,0.9778888821601868,1.1722365617752075,0.7372000217437744,0.9805999994277954,1.1731637716293335,0.736299991607666,0.9786999821662904,0.7363,0.9787,0.736861169357217,0.7363,0.7310859144112167,1e-05,736.7933699768037,l2_1e-05
1.3931080102920532,0.7184000015258789,0.9782888889312744,1.3555538654327393,0.7364000082015991,0.9807999730110168,1.3534046411514282,0.739799976348877,0.9764999747276306,0.7398,0.9765,0.7386284050266191,0.7398,0.7346066645625868,5e-05,696.9157806877047,l2_5e-05
1.5826911926269531,0.7165777683258057,0.9786666631698608,1.5450551509857178,0.7365999817848206,0.9782000184059144,1.5440276861190796,0.7390999794006348,0.979300022125244,0.7391,0.9793,0.7380887047083355,0.7391,0.7339664386866195,0.0001,654.9417815227062,l2_1e-04
2.245638370513916,0.7382000088691711,0.9805333614349364,2.205594062805176,0.7581999897956848,0.980400025844574,2.205324172973633,0.7566999793052673,0.9807999730110168,0.7567,0.9808,0.7569752905344753,0.7567,0.7517346914834155,0.0005,469.07674492523074,l2_5e-04
2.3609182834625244,0.7470666766166687,0.9811333417892456,2.3256452083587646,0.7694000005722046,0.9829999804496765,2.3308932781219482,0.7631000280380249,0.9800999760627747,0.7631,0.9801,0.7632127423491865,0.7631,0.7588242906766347,0.001,356.4200304429978,l2_1e-03
