train_loss,train_accuracy,val_loss,val_accuracy,test_loss,test_accuracy,test_accuracy_macro,test_precision_macro,test_recall_macro,test_f1_macro,lambda,weight_norm,tag
1.702080226095859e-05,1.0,0.0321486741304397,0.994599997997284,0.0138412993401288,0.9959999918937684,0.996,0.9960640392425724,0.995919634375878,0.9959880864233226,0.0,371.7068467885256,l2_0e00
0.0167505890130996,0.999890923500061,0.042498230934143,0.9937999844551086,0.0331937223672866,0.9955000281333924,0.9955,0.995535185438978,0.995420865329171,0.9954752742723084,1e-05,366.0009841024876,l2_1e-05
0.0487143695354461,0.998763620853424,0.0762979760766029,0.9918000102043152,0.0617293715476989,0.9950000047683716,0.995,0.994926825013006,0.9950055851828952,0.9949577044158148,0.0001,199.3010120242834,l2_1e-04
0.0290656741708517,0.999963641166687,0.0523584485054016,0.9944000244140624,0.0453392714262008,0.995199978351593,0.9952,0.995252599573452,0.9951397750211796,0.9951941310462048,0.0005,105.30521145649254,l2_5e-04
0.06661060452461243,0.9971818327903748,0.08513087779283524,0.9923999905586243,0.07440707087516785,0.9944999814033508,0.9945,0.994507030046063,0.9944377564056293,0.9944666774038492,0.001,113.4423124268651,l2_1e-03
